[{"pk": 6, "model": "admin.logentry", "fields": {"action_flag": 3, "action_time": "2009-02-23 03:56:10", "object_repr": "dream-4", "object_id": "None", "change_message": "", "user": 4, "content_type": 9}}, {"pk": 5, "model": "admin.logentry", "fields": {"action_flag": 3, "action_time": "2009-02-23 03:55:52", "object_repr": "dream-6", "object_id": "None", "change_message": "", "user": 4, "content_type": 9}}, {"pk": 4, "model": "admin.logentry", "fields": {"action_flag": 2, "action_time": "2008-06-12 04:42:36", "object_repr": "underwaterguy", "object_id": "5", "change_message": "Changed staff status, active and superuser status.", "user": 4, "content_type": 4}}, {"pk": 3, "model": "admin.logentry", "fields": {"action_flag": 2, "action_time": "2008-03-19 21:33:26", "object_repr": "[sundaykofax]", "object_id": "6", "change_message": "Changed invited by and modified on.", "user": 4, "content_type": 10}}, {"pk": 2, "model": "admin.logentry", "fields": {"action_flag": 2, "action_time": "2008-03-19 21:26:54", "object_repr": "www.dreamtagger.com", "object_id": "1", "change_message": "Changed display name.", "user": 4, "content_type": 8}}, {"pk": 1, "model": "admin.logentry", "fields": {"action_flag": 1, "action_time": "2008-03-18 21:05:23", "object_repr": "[admin]", "object_id": "1", "change_message": "", "user": 4, "content_type": 10}}, {"pk": 4, "model": "auth.user", "fields": {"username": "admin", "first_name": "", "last_name": "", "is_active": 1, "is_superuser": 1, "is_staff": 1, "last_login": "2009-11-22 06:10:12", "groups": [], "user_permissions": [], "password": "sha1$ad287$16183ca6e0fafd5c81f6edb571212469345e2d41", "email": "jdwadsworth+dtadmin@gmail.com", "date_joined": "2008-03-18 21:20:39"}}, {"pk": 5, "model": "auth.user", "fields": {"username": "underwaterguy", "first_name": "", "last_name": "", "is_active": 1, "is_superuser": 0, "is_staff": 0, "last_login": "2008-10-02 19:06:02", "groups": [], "user_permissions": [], "password": "sha1$88dc7$5317af5dbc0ff17b40799b7374abd4fc94b03104", "email": "jdwadsworth@gmail.com", "date_joined": "2008-03-18 22:51:59"}}, {"pk": 6, "model": "auth.user", "fields": {"username": "sundaykofax", "first_name": "", "last_name": "", "is_active": 1, "is_superuser": 0, "is_staff": 0, "last_login": "2009-08-18 20:56:27", "groups": [], "user_permissions": [], "password": "sha1$65db5$8de7c67ecd71cbb375fb448ea04acfdfd0e22098", "email": "sundaykofax@gmail.com", "date_joined": "2008-03-19 21:31:15"}}, {"pk": 7, "model": "auth.user", "fields": {"username": "subakva", "first_name": "", "last_name": "", "is_active": 1, "is_superuser": 0, "is_staff": 0, "last_login": "2008-12-18 18:43:12", "groups": [], "user_permissions": [], "password": "sha1$717c6$8f4ab1edcc4959d144659ad2499186426fbb4c66", "email": "jdwadsworth+subakva@gmail.com", "date_joined": "2008-11-16 05:01:34"}}, {"pk": 8, "model": "auth.user", "fields": {"username": "jdwadsworth+invite", "first_name": "", "last_name": "", "is_active": 0, "is_superuser": 0, "is_staff": 0, "last_login": "2008-11-16 05:02:08", "groups": [], "user_permissions": [], "password": "sha1$d4412$716e89d99579747e3ba0ae082be7f4d94835abf8", "email": "jdwadsworth+invite@gmail.com", "date_joined": "2008-11-16 05:02:08"}}, {"pk": 9, "model": "auth.user", "fields": {"username": "liminalist", "first_name": "", "last_name": "", "is_active": 1, "is_superuser": 0, "is_staff": 0, "last_login": "2009-02-23 08:13:46", "groups": [], "user_permissions": [], "password": "sha1$055a9$6aa04a7eec55410dbd46709cc4e8bf8c6244ca81", "email": "casey@liminalist.org", "date_joined": "2009-02-23 08:13:46"}}, {"pk": 6, "model": "contenttypes.contenttype", "fields": {"model": "contenttype", "name": "content type", "app_label": "contenttypes"}}, {"pk": 9, "model": "contenttypes.contenttype", "fields": {"model": "dream", "name": "dream", "app_label": "dreams"}}, {"pk": 3, "model": "contenttypes.contenttype", "fields": {"model": "group", "name": "group", "app_label": "auth"}}, {"pk": 1, "model": "contenttypes.contenttype", "fields": {"model": "logentry", "name": "log entry", "app_label": "admin"}}, {"pk": 2, "model": "contenttypes.contenttype", "fields": {"model": "message", "name": "message", "app_label": "auth"}}, {"pk": 5, "model": "contenttypes.contenttype", "fields": {"model": "permission", "name": "permission", "app_label": "auth"}}, {"pk": 10, "model": "contenttypes.contenttype", "fields": {"model": "profile", "name": "profile", "app_label": "accounts"}}, {"pk": 11, "model": "contenttypes.contenttype", "fields": {"model": "registrationprofile", "name": "registration profile", "app_label": "registration"}}, {"pk": 7, "model": "contenttypes.contenttype", "fields": {"model": "session", "name": "session", "app_label": "sessions"}}, {"pk": 8, "model": "contenttypes.contenttype", "fields": {"model": "site", "name": "site", "app_label": "sites"}}, {"pk": 13, "model": "contenttypes.contenttype", "fields": {"model": "tag", "name": "tag", "app_label": "tagging"}}, {"pk": 12, "model": "contenttypes.contenttype", "fields": {"model": "taggeditem", "name": "tagged item", "app_label": "tagging"}}, {"pk": 4, "model": "contenttypes.contenttype", "fields": {"model": "user", "name": "user", "app_label": "auth"}}, {"pk": "08e62dbabc38af86e7eb20f06ddee587", "model": "sessions.session", "fields": {"expire_date": "2008-04-01 21:05:03", "session_data": "gAJ9cQEoVRJfYXV0aF91c2VyX2JhY2tlbmRxAlUpZGphbmdvLmNvbnRyaWIuYXV0aC5iYWNrZW5k\ncy5Nb2RlbEJhY2tlbmRxA1UNX2F1dGhfdXNlcl9pZHEEigEBdS4zMjNiODgxNDJlZTNkMGZmYjQy\nZDJhYTM4OGYxNDQ5Ng==\n"}}, {"pk": "e52c8ff84844d59c62781085c1f59d19", "model": "sessions.session", "fields": {"expire_date": "2008-04-02 21:26:34", "session_data": "gAJ9cQEoVRJfYXV0aF91c2VyX2JhY2tlbmRxAlUpZGphbmdvLmNvbnRyaWIuYXV0aC5iYWNrZW5k\ncy5Nb2RlbEJhY2tlbmRxA1UNX2F1dGhfdXNlcl9pZHEEigEEdS42ZTdiZDI1NjE2ZGUyODgyOGVj\nODdkMzg4ZWRhZTE3Yg==\n"}}, {"pk": "1994ff61dfe6c31cf6d7ff557f2828b8", "model": "sessions.session", "fields": {"expire_date": "2008-04-01 23:01:55", "session_data": "gAJ9cQEoVRJfYXV0aF91c2VyX2JhY2tlbmRxAlUpZGphbmdvLmNvbnRyaWIuYXV0aC5iYWNrZW5k\ncy5Nb2RlbEJhY2tlbmRxA1UNX2F1dGhfdXNlcl9pZHEEigEFdS45YjMyODUxZjI0M2YxNjhhNmQ1\nZDM1MDllY2M3NmY3MA==\n"}}, {"pk": "156a26027e70c62c45ed23a88727a577", "model": "sessions.session", "fields": {"expire_date": "2008-04-02 21:33:56", "session_data": "gAJ9cQEoVRJfYXV0aF91c2VyX2JhY2tlbmRxAlUpZGphbmdvLmNvbnRyaWIuYXV0aC5iYWNrZW5k\ncy5Nb2RlbEJhY2tlbmRxA1UNX2F1dGhfdXNlcl9pZHEEigEGdS41NDY3MjQ3MDk4OWY4OTdlODdj\nYjViODM4YTljZTQ2Ng==\n"}}, {"pk": "37391158119852d110e48be574266c09", "model": "sessions.session", "fields": {"expire_date": "2008-04-03 02:43:22", "session_data": "gAJ9cQEoVRJfYXV0aF91c2VyX2JhY2tlbmRxAlUpZGphbmdvLmNvbnRyaWIuYXV0aC5iYWNrZW5k\ncy5Nb2RlbEJhY2tlbmRxA1UNX2F1dGhfdXNlcl9pZHEEigEGdS41NDY3MjQ3MDk4OWY4OTdlODdj\nYjViODM4YTljZTQ2Ng==\n"}}, {"pk": "b9f648fa4d6cf8444bcec2a582bccabb", "model": "sessions.session", "fields": {"expire_date": "2008-04-08 10:45:39", "session_data": "gAJ9cQFVCnRlc3Rjb29raWVxAlUGd29ya2VkcQNzLmFiY2FkYzU4NjRmMDcwMmE5N2JlYWZlMTRi\nZDVkNDQy\n"}}, {"pk": "637c24b8e9fdc71a6d4a1c8e3815298e", "model": "sessions.session", "fields": {"expire_date": "2008-04-08 12:46:26", "session_data": "gAJ9cQFVCnRlc3Rjb29raWVxAlUGd29ya2VkcQNzLmFiY2FkYzU4NjRmMDcwMmE5N2JlYWZlMTRi\nZDVkNDQy\n"}}, {"pk": "9cca4bf418801f4fdc24b998f7ee0876", "model": "sessions.session", "fields": {"expire_date": "2008-04-17 05:31:51", "session_data": "gAJ9cQFVCnRlc3Rjb29raWVxAlUGd29ya2VkcQNzLmFiY2FkYzU4NjRmMDcwMmE5N2JlYWZlMTRi\nZDVkNDQy\n"}}, {"pk": "039765d3fdfef3c9393ed28dd05d1f98", "model": "sessions.session", "fields": {"expire_date": "2008-04-17 14:50:33", "session_data": "gAJ9cQFVCnRlc3Rjb29raWVxAlUGd29ya2VkcQNzLmFiY2FkYzU4NjRmMDcwMmE5N2JlYWZlMTRi\nZDVkNDQy\n"}}, {"pk": "74e76a6506c1226009f20ff32ffad91e", "model": "sessions.session", "fields": {"expire_date": "2008-04-19 14:19:01", "session_data": "gAJ9cQFVCnRlc3Rjb29raWVxAlUGd29ya2VkcQNzLmFiY2FkYzU4NjRmMDcwMmE5N2JlYWZlMTRi\nZDVkNDQy\n"}}, {"pk": "f487e865d3a7a36fe179b128fc2dfa2d", "model": "sessions.session", "fields": {"expire_date": "2008-04-19 14:19:01", "session_data": "gAJ9cQFVCnRlc3Rjb29raWVxAlUGd29ya2VkcQNzLmFiY2FkYzU4NjRmMDcwMmE5N2JlYWZlMTRi\nZDVkNDQy\n"}}, {"pk": "878721b16ba1290df90e950f26631c66", "model": "sessions.session", "fields": {"expire_date": "2008-04-19 14:20:54", "session_data": "gAJ9cQFVCnRlc3Rjb29raWVxAlUGd29ya2VkcQNzLmFiY2FkYzU4NjRmMDcwMmE5N2JlYWZlMTRi\nZDVkNDQy\n"}}, {"pk": "93f5e6ccbe3204db922dbe4c49de94a8", "model": "sessions.session", "fields": {"expire_date": "2008-04-19 14:19:01", "session_data": "gAJ9cQFVCnRlc3Rjb29raWVxAlUGd29ya2VkcQNzLmFiY2FkYzU4NjRmMDcwMmE5N2JlYWZlMTRi\nZDVkNDQy\n"}}, {"pk": "85f1415387090f862fa59dea2187720b", "model": "sessions.session", "fields": {"expire_date": "2008-04-19 14:22:22", "session_data": "gAJ9cQFVCnRlc3Rjb29raWVxAlUGd29ya2VkcQNzLmFiY2FkYzU4NjRmMDcwMmE5N2JlYWZlMTRi\nZDVkNDQy\n"}}, {"pk": "d3bc746a4e5e3e69f070ab58ea1e1a63", "model": "sessions.session", "fields": {"expire_date": "2008-04-20 22:02:14", "session_data": "gAJ9cQFVCnRlc3Rjb29raWVxAlUGd29ya2VkcQNzLmFiY2FkYzU4NjRmMDcwMmE5N2JlYWZlMTRi\nZDVkNDQy\n"}}, {"pk": "d84aae3f708c6be5e207a178e24108f9", "model": "sessions.session", "fields": {"expire_date": "2008-04-25 09:33:16", "session_data": "gAJ9cQFVCnRlc3Rjb29raWVxAlUGd29ya2VkcQNzLmFiY2FkYzU4NjRmMDcwMmE5N2JlYWZlMTRi\nZDVkNDQy\n"}}, {"pk": "c6cf7c044f25b80638c0b198087ff405", "model": "sessions.session", "fields": {"expire_date": "2008-04-25 09:34:06", "session_data": "gAJ9cQFVCnRlc3Rjb29raWVxAlUGd29ya2VkcQNzLmFiY2FkYzU4NjRmMDcwMmE5N2JlYWZlMTRi\nZDVkNDQy\n"}}, {"pk": "5f0c6efa1b4d7e6c22eaaa708eb4a7c5", "model": "sessions.session", "fields": {"expire_date": "2008-04-30 15:14:51", "session_data": "gAJ9cQFVCnRlc3Rjb29raWVxAlUGd29ya2VkcQNzLmFiY2FkYzU4NjRmMDcwMmE5N2JlYWZlMTRi\nZDVkNDQy\n"}}, {"pk": "6363867a35a66d496b65404f9a217f89", "model": "sessions.session", "fields": {"expire_date": "2008-05-10 18:20:20", "session_data": "gAJ9cQFVCnRlc3Rjb29raWVxAlUGd29ya2VkcQNzLmFiY2FkYzU4NjRmMDcwMmE5N2JlYWZlMTRi\nZDVkNDQy\n"}}, {"pk": "05bdf9175040d79cb8fc3005492781c6", "model": "sessions.session", "fields": {"expire_date": "2008-05-11 01:01:24", "session_data": "gAJ9cQFVCnRlc3Rjb29raWVxAlUGd29ya2VkcQNzLmFiY2FkYzU4NjRmMDcwMmE5N2JlYWZlMTRi\nZDVkNDQy\n"}}, {"pk": "7923388bbf92a9787842f0f5f5850d2f", "model": "sessions.session", "fields": {"expire_date": "2008-05-14 00:15:06", "session_data": "gAJ9cQFVCnRlc3Rjb29raWVxAlUGd29ya2VkcQNzLmFiY2FkYzU4NjRmMDcwMmE5N2JlYWZlMTRi\nZDVkNDQy\n"}}, {"pk": "2174a835f1740fe0c1d738ff4ce3cdc7", "model": "sessions.session", "fields": {"expire_date": "2008-05-18 01:48:25", "session_data": "gAJ9cQFVCnRlc3Rjb29raWVxAlUGd29ya2VkcQNzLmFiY2FkYzU4NjRmMDcwMmE5N2JlYWZlMTRi\nZDVkNDQy\n"}}, {"pk": "0370dfa928bd44591577e42f85eda096", "model": "sessions.session", "fields": {"expire_date": "2008-05-21 08:33:43", "session_data": "gAJ9cQFVCnRlc3Rjb29raWVxAlUGd29ya2VkcQNzLmFiY2FkYzU4NjRmMDcwMmE5N2JlYWZlMTRi\nZDVkNDQy\n"}}, {"pk": "1ae36c3f264032c1971e31286369acb6", "model": "sessions.session", "fields": {"expire_date": "2008-05-21 15:06:39", "session_data": "gAJ9cQFVCnRlc3Rjb29raWVxAlUGd29ya2VkcQNzLmFiY2FkYzU4NjRmMDcwMmE5N2JlYWZlMTRi\nZDVkNDQy\n"}}, {"pk": "6168963ac5f93a6c3542b6a7683e79e8", "model": "sessions.session", "fields": {"expire_date": "2008-05-21 19:26:59", "session_data": "gAJ9cQFVCnRlc3Rjb29raWVxAlUGd29ya2VkcQNzLmFiY2FkYzU4NjRmMDcwMmE5N2JlYWZlMTRi\nZDVkNDQy\n"}}, {"pk": "efbdc8f875876859b1afd213d3002a8f", "model": "sessions.session", "fields": {"expire_date": "2008-05-30 13:21:53", "session_data": "gAJ9cQFVCnRlc3Rjb29raWVxAlUGd29ya2VkcQNzLmFiY2FkYzU4NjRmMDcwMmE5N2JlYWZlMTRi\nZDVkNDQy\n"}}, {"pk": "873861bbde9290564fd372d8c2167dd9", "model": "sessions.session", "fields": {"expire_date": "2008-06-04 01:20:39", "session_data": "gAJ9cQFVCnRlc3Rjb29raWVxAlUGd29ya2VkcQNzLmFiY2FkYzU4NjRmMDcwMmE5N2JlYWZlMTRi\nZDVkNDQy\n"}}, {"pk": "e623cfaccf02d50e1a47f01dc0aaa0c7", "model": "sessions.session", "fields": {"expire_date": "2008-06-07 06:31:28", "session_data": "gAJ9cQFVCnRlc3Rjb29raWVxAlUGd29ya2VkcQNzLmFiY2FkYzU4NjRmMDcwMmE5N2JlYWZlMTRi\nZDVkNDQy\n"}}, {"pk": "d771597f26d69d39173a1efde0430e2c", "model": "sessions.session", "fields": {"expire_date": "2008-06-12 05:09:16", "session_data": "gAJ9cQFVCnRlc3Rjb29raWVxAlUGd29ya2VkcQNzLmFiY2FkYzU4NjRmMDcwMmE5N2JlYWZlMTRi\nZDVkNDQy\n"}}, {"pk": "0a212bb5eb4d89943acf699e921d47af", "model": "sessions.session", "fields": {"expire_date": "2008-06-13 01:25:16", "session_data": "gAJ9cQFVCnRlc3Rjb29raWVxAlUGd29ya2VkcQNzLmFiY2FkYzU4NjRmMDcwMmE5N2JlYWZlMTRi\nZDVkNDQy\n"}}, {"pk": "92f91ccae1cdaff69eb331497158a88e", "model": "sessions.session", "fields": {"expire_date": "2008-06-17 10:17:40", "session_data": "gAJ9cQFVCnRlc3Rjb29raWVxAlUGd29ya2VkcQNzLmFiY2FkYzU4NjRmMDcwMmE5N2JlYWZlMTRi\nZDVkNDQy\n"}}, {"pk": "4ef5fe6a94d16433f5d702ddc55097da", "model": "sessions.session", "fields": {"expire_date": "2008-06-17 10:17:40", "session_data": "gAJ9cQFVCnRlc3Rjb29raWVxAlUGd29ya2VkcQNzLmFiY2FkYzU4NjRmMDcwMmE5N2JlYWZlMTRi\nZDVkNDQy\n"}}, {"pk": "9e2053b6226a32b0da59fb3317d71dd4", "model": "sessions.session", "fields": {"expire_date": "2008-06-22 10:45:18", "session_data": "gAJ9cQFVCnRlc3Rjb29raWVxAlUGd29ya2VkcQNzLmFiY2FkYzU4NjRmMDcwMmE5N2JlYWZlMTRi\nZDVkNDQy\n"}}, {"pk": "84d1f2a9f0fd7530dd5248aae908c3a3", "model": "sessions.session", "fields": {"expire_date": "2008-06-22 13:05:19", "session_data": "gAJ9cQFVCnRlc3Rjb29raWVxAlUGd29ya2VkcQNzLmFiY2FkYzU4NjRmMDcwMmE5N2JlYWZlMTRi\nZDVkNDQy\n"}}, {"pk": "f15c5b2182df37c4bef5e262acbd4c7a", "model": "sessions.session", "fields": {"expire_date": "2008-06-26 04:42:45", "session_data": "gAJ9cQEuOTIzYmI4ZDRiYTYxY2MyMDg2ZmE0ZGFkODUxMjg1ODU=\n"}}, {"pk": "8495871632d770a0892d708420e47710", "model": "sessions.session", "fields": {"expire_date": "2008-07-01 07:56:32", "session_data": "gAJ9cQFVCnRlc3Rjb29raWVxAlUGd29ya2VkcQNzLmFiY2FkYzU4NjRmMDcwMmE5N2JlYWZlMTRi\nZDVkNDQy\n"}}, {"pk": "0327e38d7bf28dcb9a44749ed2cdb9ef", "model": "sessions.session", "fields": {"expire_date": "2008-07-08 05:44:26", "session_data": "gAJ9cQFVCnRlc3Rjb29raWVxAlUGd29ya2VkcQNzLmFiY2FkYzU4NjRmMDcwMmE5N2JlYWZlMTRi\nZDVkNDQy\n"}}, {"pk": "f54bceabdd5f0996c6a97a25ec30adb1", "model": "sessions.session", "fields": {"expire_date": "2008-07-09 02:34:40", "session_data": "gAJ9cQFVCnRlc3Rjb29raWVxAlUGd29ya2VkcQNzLmFiY2FkYzU4NjRmMDcwMmE5N2JlYWZlMTRi\nZDVkNDQy\n"}}, {"pk": "2a60af6a39a5647fd71c37a2e358eb53", "model": "sessions.session", "fields": {"expire_date": "2008-07-13 05:42:14", "session_data": "gAJ9cQFVCnRlc3Rjb29raWVxAlUGd29ya2VkcQNzLmFiY2FkYzU4NjRmMDcwMmE5N2JlYWZlMTRi\nZDVkNDQy\n"}}, {"pk": "a3fffb083d7269e915438d313c6a21fe", "model": "sessions.session", "fields": {"expire_date": "2008-07-16 17:54:17", "session_data": "gAJ9cQFVCnRlc3Rjb29raWVxAlUGd29ya2VkcQNzLmFiY2FkYzU4NjRmMDcwMmE5N2JlYWZlMTRi\nZDVkNDQy\n"}}, {"pk": "5ffc8db642bfaa5c306b025e406cac49", "model": "sessions.session", "fields": {"expire_date": "2008-07-18 15:03:13", "session_data": "gAJ9cQFVCnRlc3Rjb29raWVxAlUGd29ya2VkcQNzLmFiY2FkYzU4NjRmMDcwMmE5N2JlYWZlMTRi\nZDVkNDQy\n"}}, {"pk": "74307c96ccf1d4132cc6677b003e1541", "model": "sessions.session", "fields": {"expire_date": "2008-07-30 08:28:20", "session_data": "gAJ9cQFVCnRlc3Rjb29raWVxAlUGd29ya2VkcQNzLmFiY2FkYzU4NjRmMDcwMmE5N2JlYWZlMTRi\nZDVkNDQy\n"}}, {"pk": "da6f4f9e4ad09b5719a89423f90a2980", "model": "sessions.session", "fields": {"expire_date": "2008-07-31 16:20:43", "session_data": "gAJ9cQFVCnRlc3Rjb29raWVxAlUGd29ya2VkcQNzLmFiY2FkYzU4NjRmMDcwMmE5N2JlYWZlMTRi\nZDVkNDQy\n"}}, {"pk": "cd6494de8a1ccf58786d32068de710c8", "model": "sessions.session", "fields": {"expire_date": "2008-08-21 19:37:39", "session_data": "gAJ9cQFVCnRlc3Rjb29raWVxAlUGd29ya2VkcQNzLmFiY2FkYzU4NjRmMDcwMmE5N2JlYWZlMTRi\nZDVkNDQy\n"}}, {"pk": "6dd28f61c18090580bbded4deb1dcdbb", "model": "sessions.session", "fields": {"expire_date": "2008-08-22 04:14:39", "session_data": "gAJ9cQFVCnRlc3Rjb29raWVxAlUGd29ya2VkcQNzLmFiY2FkYzU4NjRmMDcwMmE5N2JlYWZlMTRi\nZDVkNDQy\n"}}, {"pk": "5b393ae05ac11a67d9ad1fe78c918156", "model": "sessions.session", "fields": {"expire_date": "2008-08-22 14:27:56", "session_data": "gAJ9cQFVCnRlc3Rjb29raWVxAlUGd29ya2VkcQNzLmFiY2FkYzU4NjRmMDcwMmE5N2JlYWZlMTRi\nZDVkNDQy\n"}}, {"pk": "b3a5e3b2c24f6624fca28347dbceaeb1", "model": "sessions.session", "fields": {"expire_date": "2008-09-01 09:12:13", "session_data": "gAJ9cQFVCnRlc3Rjb29raWVxAlUGd29ya2VkcQNzLmFiY2FkYzU4NjRmMDcwMmE5N2JlYWZlMTRi\nZDVkNDQy\n"}}, {"pk": "9a1b9e234052c6f68518a172f2e04ada", "model": "sessions.session", "fields": {"expire_date": "2008-09-17 14:51:10", "session_data": "gAJ9cQFVCnRlc3Rjb29raWVxAlUGd29ya2VkcQNzLmFiY2FkYzU4NjRmMDcwMmE5N2JlYWZlMTRi\nZDVkNDQy\n"}}, {"pk": "8f8d17b9bf8a37d8bf9062f4b0601a3d", "model": "sessions.session", "fields": {"expire_date": "2008-09-23 11:31:53", "session_data": "gAJ9cQFVCnRlc3Rjb29raWVxAlUGd29ya2VkcQNzLmFiY2FkYzU4NjRmMDcwMmE5N2JlYWZlMTRi\nZDVkNDQy\n"}}, {"pk": "2641fb21576fb40c18da0ffbea707cf9", "model": "sessions.session", "fields": {"expire_date": "2008-09-23 11:31:56", "session_data": "gAJ9cQFVCnRlc3Rjb29raWVxAlUGd29ya2VkcQNzLmFiY2FkYzU4NjRmMDcwMmE5N2JlYWZlMTRi\nZDVkNDQy\n"}}, {"pk": "99571645f2cd74e96eaf6e3bdc3201f5", "model": "sessions.session", "fields": {"expire_date": "2008-10-16 18:46:49", "session_data": "gAJ9cQFVCnRlc3Rjb29raWVxAlUGd29ya2VkcQNzLmFiY2FkYzU4NjRmMDcwMmE5N2JlYWZlMTRi\nZDVkNDQy\n"}}, {"pk": "af908e5af197d9230fd01ee85fb9792b", "model": "sessions.session", "fields": {"expire_date": "2008-10-19 18:00:52", "session_data": "gAJ9cQFVCnRlc3Rjb29raWVxAlUGd29ya2VkcQNzLmFiY2FkYzU4NjRmMDcwMmE5N2JlYWZlMTRi\nZDVkNDQy\n"}}, {"pk": "a50da8ddbdefbc46a4dfb9d101b02edf", "model": "sessions.session", "fields": {"expire_date": "2008-10-21 14:01:00", "session_data": "gAJ9cQEoVRJfYXV0aF91c2VyX2JhY2tlbmRxAlUpZGphbmdvLmNvbnRyaWIuYXV0aC5iYWNrZW5k\ncy5Nb2RlbEJhY2tlbmRxA1UNX2F1dGhfdXNlcl9pZHEEigEGdS41NDY3MjQ3MDk4OWY4OTdlODdj\nYjViODM4YTljZTQ2Ng==\n"}}, {"pk": "c784d8a9ee4c0fadb718055c331ca738", "model": "sessions.session", "fields": {"expire_date": "2008-10-19 16:16:20", "session_data": "gAJ9cQFVCnRlc3Rjb29raWVxAlUGd29ya2VkcQNzLmFiY2FkYzU4NjRmMDcwMmE5N2JlYWZlMTRi\nZDVkNDQy\n"}}, {"pk": "fd59df1b42edb3d3116d9ff5826deb7c", "model": "sessions.session", "fields": {"expire_date": "2008-10-24 22:21:00", "session_data": "gAJ9cQFVCnRlc3Rjb29raWVxAlUGd29ya2VkcQNzLmFiY2FkYzU4NjRmMDcwMmE5N2JlYWZlMTRi\nZDVkNDQy\n"}}, {"pk": "05dc3999016e5de22539b42c3f2d1892", "model": "sessions.session", "fields": {"expire_date": "2008-10-28 09:00:47", "session_data": "gAJ9cQFVCnRlc3Rjb29raWVxAlUGd29ya2VkcQNzLmFiY2FkYzU4NjRmMDcwMmE5N2JlYWZlMTRi\nZDVkNDQy\n"}}, {"pk": "38736dfe9dc0bc5b7219874f13da57ee", "model": "sessions.session", "fields": {"expire_date": "2008-11-22 10:54:40", "session_data": "gAJ9cQFVCnRlc3Rjb29raWVxAlUGd29ya2VkcQNzLmFiY2FkYzU4NjRmMDcwMmE5N2JlYWZlMTRi\nZDVkNDQy\n"}}, {"pk": "89bfded29a19b27557ad89e65af442d6", "model": "sessions.session", "fields": {"expire_date": "2008-11-22 14:24:27", "session_data": "gAJ9cQEoVRJfYXV0aF91c2VyX2JhY2tlbmRxAlUpZGphbmdvLmNvbnRyaWIuYXV0aC5iYWNrZW5k\ncy5Nb2RlbEJhY2tlbmRxA1UNX2F1dGhfdXNlcl9pZHEEigEGdS41NDY3MjQ3MDk4OWY4OTdlODdj\nYjViODM4YTljZTQ2Ng==\n"}}, {"pk": "fffea8bb499d5092eee5c8458e36100d", "model": "sessions.session", "fields": {"expire_date": "2008-11-25 17:39:30", "session_data": "gAJ9cQFVCnRlc3Rjb29raWVxAlUGd29ya2VkcQNzLmFiY2FkYzU4NjRmMDcwMmE5N2JlYWZlMTRi\nZDVkNDQy\n"}}, {"pk": "04420bff205850e9c16e63e683a288ab", "model": "sessions.session", "fields": {"expire_date": "2008-12-05 09:25:50", "session_data": "gAJ9cQFVCnRlc3Rjb29raWVxAlUGd29ya2VkcQNzLmFiY2FkYzU4NjRmMDcwMmE5N2JlYWZlMTRi\nZDVkNDQy\n"}}, {"pk": "549535fd747c2a262740ad67ebf0dbc6", "model": "sessions.session", "fields": {"expire_date": "2008-11-30 05:02:50", "session_data": "gAJ9cQEuOTIzYmI4ZDRiYTYxY2MyMDg2ZmE0ZGFkODUxMjg1ODU=\n"}}, {"pk": "ee89efed9d1ab187dd8c6afb64b792ec", "model": "sessions.session", "fields": {"expire_date": "2008-12-02 19:07:03", "session_data": "gAJ9cQFVCnRlc3Rjb29raWVxAlUGd29ya2VkcQNzLmFiY2FkYzU4NjRmMDcwMmE5N2JlYWZlMTRi\nZDVkNDQy\n"}}, {"pk": "1605cde2bdd72eaf2db07033eaa314da", "model": "sessions.session", "fields": {"expire_date": "2008-12-05 09:42:21", "session_data": "gAJ9cQFVCnRlc3Rjb29raWVxAlUGd29ya2VkcQNzLmFiY2FkYzU4NjRmMDcwMmE5N2JlYWZlMTRi\nZDVkNDQy\n"}}, {"pk": "e19f7b13322ff4f213f72058486d2d91", "model": "sessions.session", "fields": {"expire_date": "2008-12-17 23:06:14", "session_data": "gAJ9cQFVCnRlc3Rjb29raWVxAlUGd29ya2VkcQNzLmFiY2FkYzU4NjRmMDcwMmE5N2JlYWZlMTRi\nZDVkNDQy\n"}}, {"pk": "2a8501c396d01faab5a4da525249b24a", "model": "sessions.session", "fields": {"expire_date": "2008-12-21 20:12:48", "session_data": "gAJ9cQFVCnRlc3Rjb29raWVxAlUGd29ya2VkcQNzLmFiY2FkYzU4NjRmMDcwMmE5N2JlYWZlMTRi\nZDVkNDQy\n"}}, {"pk": "7762d96af5511e6b6aba5dddc9f66a4c", "model": "sessions.session", "fields": {"expire_date": "2008-12-23 17:42:59", "session_data": "gAJ9cQFVCnRlc3Rjb29raWVxAlUGd29ya2VkcQNzLmFiY2FkYzU4NjRmMDcwMmE5N2JlYWZlMTRi\nZDVkNDQy\n"}}, {"pk": "ba2f6a41659557ff54c8112d0eda2efd", "model": "sessions.session", "fields": {"expire_date": "2008-12-26 01:13:50", "session_data": "gAJ9cQFVCnRlc3Rjb29raWVxAlUGd29ya2VkcQNzLmFiY2FkYzU4NjRmMDcwMmE5N2JlYWZlMTRi\nZDVkNDQy\n"}}, {"pk": "535b51ebcfd81ae6d7922db91bbfa9e7", "model": "sessions.session", "fields": {"expire_date": "2008-12-26 01:13:53", "session_data": "gAJ9cQFVCnRlc3Rjb29raWVxAlUGd29ya2VkcQNzLmFiY2FkYzU4NjRmMDcwMmE5N2JlYWZlMTRi\nZDVkNDQy\n"}}, {"pk": "eb2278f95f948e4f299f18108f9a4316", "model": "sessions.session", "fields": {"expire_date": "2009-01-04 17:02:24", "session_data": "gAJ9cQFVCnRlc3Rjb29raWVxAlUGd29ya2VkcQNzLmFiY2FkYzU4NjRmMDcwMmE5N2JlYWZlMTRi\nZDVkNDQy\n"}}, {"pk": "96d249c7b70009d7fe66de54934a0f2b", "model": "sessions.session", "fields": {"expire_date": "2009-01-01 15:25:48", "session_data": "gAJ9cQEoVRJfYXV0aF91c2VyX2JhY2tlbmRxAlUpZGphbmdvLmNvbnRyaWIuYXV0aC5iYWNrZW5k\ncy5Nb2RlbEJhY2tlbmRxA1UNX2F1dGhfdXNlcl9pZHEEigEGdS41NDY3MjQ3MDk4OWY4OTdlODdj\nYjViODM4YTljZTQ2Ng==\n"}}, {"pk": "d9e2404fccdbfae769f063106880624a", "model": "sessions.session", "fields": {"expire_date": "2009-01-01 18:51:56", "session_data": "gAJ9cQEoVRJfYXV0aF91c2VyX2JhY2tlbmRxAlUpZGphbmdvLmNvbnRyaWIuYXV0aC5iYWNrZW5k\ncy5Nb2RlbEJhY2tlbmRxA1UNX2F1dGhfdXNlcl9pZHEEigEEdS42ZTdiZDI1NjE2ZGUyODgyOGVj\nODdkMzg4ZWRhZTE3Yg==\n"}}, {"pk": "d554a7796097169e1e176c0a4629afe8", "model": "sessions.session", "fields": {"expire_date": "2009-01-09 03:39:57", "session_data": "gAJ9cQFVCnRlc3Rjb29raWVxAlUGd29ya2VkcQNzLmFiY2FkYzU4NjRmMDcwMmE5N2JlYWZlMTRi\nZDVkNDQy\n"}}, {"pk": "ab4c64460bf7497fabd30e51d7266e34", "model": "sessions.session", "fields": {"expire_date": "2009-01-09 06:15:03", "session_data": "gAJ9cQFVCnRlc3Rjb29raWVxAlUGd29ya2VkcQNzLmFiY2FkYzU4NjRmMDcwMmE5N2JlYWZlMTRi\nZDVkNDQy\n"}}, {"pk": "1d21b68f0e53b9ac58dff88cf0716d75", "model": "sessions.session", "fields": {"expire_date": "2009-01-24 19:02:23", "session_data": "gAJ9cQFVCnRlc3Rjb29raWVxAlUGd29ya2VkcQNzLmFiY2FkYzU4NjRmMDcwMmE5N2JlYWZlMTRi\nZDVkNDQy\n"}}, {"pk": "509fbdb3082a45ab70200bb3a6f26783", "model": "sessions.session", "fields": {"expire_date": "2009-02-09 10:09:21", "session_data": "gAJ9cQFVCnRlc3Rjb29raWVxAlUGd29ya2VkcQNzLmFiY2FkYzU4NjRmMDcwMmE5N2JlYWZlMTRi\nZDVkNDQy\n"}}, {"pk": "e7fb0d2b436526ecbf4f0a58fd5706a8", "model": "sessions.session", "fields": {"expire_date": "2009-01-29 14:02:28", "session_data": "gAJ9cQEoVRJfYXV0aF91c2VyX2JhY2tlbmRxAlUpZGphbmdvLmNvbnRyaWIuYXV0aC5iYWNrZW5k\ncy5Nb2RlbEJhY2tlbmRxA1UNX2F1dGhfdXNlcl9pZHEEigEGdS41NDY3MjQ3MDk4OWY4OTdlODdj\nYjViODM4YTljZTQ2Ng==\n"}}, {"pk": "f0a863e2f898d03d9126da30fc0a4067", "model": "sessions.session", "fields": {"expire_date": "2009-02-09 10:21:17", "session_data": "gAJ9cQFVCnRlc3Rjb29raWVxAlUGd29ya2VkcQNzLmFiY2FkYzU4NjRmMDcwMmE5N2JlYWZlMTRi\nZDVkNDQy\n"}}, {"pk": "95f509eeb1a43b5046d027a56dc179f5", "model": "sessions.session", "fields": {"expire_date": "2009-02-11 18:45:38", "session_data": "gAJ9cQFVCnRlc3Rjb29raWVxAlUGd29ya2VkcQNzLmFiY2FkYzU4NjRmMDcwMmE5N2JlYWZlMTRi\nZDVkNDQy\n"}}, {"pk": "796c5739eeb3645f7d6f40c0d49b9c8e", "model": "sessions.session", "fields": {"expire_date": "2009-02-15 10:33:02", "session_data": "gAJ9cQFVCnRlc3Rjb29raWVxAlUGd29ya2VkcQNzLmFiY2FkYzU4NjRmMDcwMmE5N2JlYWZlMTRi\nZDVkNDQy\n"}}, {"pk": "73327af089673c0eaa9c6bd1e704565b", "model": "sessions.session", "fields": {"expire_date": "2009-02-18 15:12:26", "session_data": "gAJ9cQFVCnRlc3Rjb29raWVxAlUGd29ya2VkcQNzLmFiY2FkYzU4NjRmMDcwMmE5N2JlYWZlMTRi\nZDVkNDQy\n"}}, {"pk": "cf55b7da9e3f6d624ab560084f6f7c0f", "model": "sessions.session", "fields": {"expire_date": "2009-02-16 04:51:15", "session_data": "gAJ9cQEoVRJfYXV0aF91c2VyX2JhY2tlbmRxAlUpZGphbmdvLmNvbnRyaWIuYXV0aC5iYWNrZW5k\ncy5Nb2RlbEJhY2tlbmRxA1UNX2F1dGhfdXNlcl9pZHEEigEEdS42ZTdiZDI1NjE2ZGUyODgyOGVj\nODdkMzg4ZWRhZTE3Yg==\n"}}, {"pk": "0fe0f73b14fd152dd0ed1b762d02549c", "model": "sessions.session", "fields": {"expire_date": "2009-02-20 16:16:09", "session_data": "gAJ9cQFVCnRlc3Rjb29raWVxAlUGd29ya2VkcQNzLmFiY2FkYzU4NjRmMDcwMmE5N2JlYWZlMTRi\nZDVkNDQy\n"}}, {"pk": "45f2e149289cd0f29b8015b7300618c5", "model": "sessions.session", "fields": {"expire_date": "2009-02-24 03:16:18", "session_data": "gAJ9cQFVCnRlc3Rjb29raWVxAlUGd29ya2VkcQNzLmFiY2FkYzU4NjRmMDcwMmE5N2JlYWZlMTRi\nZDVkNDQy\n"}}, {"pk": "37756aa36ec2a8be1bc32a2e06116ebf", "model": "sessions.session", "fields": {"expire_date": "2009-02-24 15:52:02", "session_data": "gAJ9cQFVCnRlc3Rjb29raWVxAlUGd29ya2VkcQNzLmFiY2FkYzU4NjRmMDcwMmE5N2JlYWZlMTRi\nZDVkNDQy\n"}}, {"pk": "b6b2c3af4ef73133fadd57587d220d54", "model": "sessions.session", "fields": {"expire_date": "2009-02-24 15:56:59", "session_data": "gAJ9cQFVCnRlc3Rjb29raWVxAlUGd29ya2VkcQNzLmFiY2FkYzU4NjRmMDcwMmE5N2JlYWZlMTRi\nZDVkNDQy\n"}}, {"pk": "c35faefec2746666ba60e1d3877357c9", "model": "sessions.session", "fields": {"expire_date": "2009-03-06 22:37:37", "session_data": "gAJ9cQFVCnRlc3Rjb29raWVxAlUGd29ya2VkcQNzLmFiY2FkYzU4NjRmMDcwMmE5N2JlYWZlMTRi\nZDVkNDQy\n"}}, {"pk": "d00ad811db08e4562e9bdc9d8f8cf076", "model": "sessions.session", "fields": {"expire_date": "2009-03-18 20:10:55", "session_data": "gAJ9cQFVCnRlc3Rjb29raWVxAlUGd29ya2VkcQNzLmFiY2FkYzU4NjRmMDcwMmE5N2JlYWZlMTRi\nZDVkNDQy\n"}}, {"pk": "1f007d83bd695676d4e99d869f5b68f3", "model": "sessions.session", "fields": {"expire_date": "2009-03-19 13:07:40", "session_data": "gAJ9cQFVCnRlc3Rjb29raWVxAlUGd29ya2VkcQNzLmFiY2FkYzU4NjRmMDcwMmE5N2JlYWZlMTRi\nZDVkNDQy\n"}}, {"pk": "82dc864c7d3ca4a528fb9bef7f12168b", "model": "sessions.session", "fields": {"expire_date": "2009-03-09 03:58:13", "session_data": "gAJ9cQEuOTIzYmI4ZDRiYTYxY2MyMDg2ZmE0ZGFkODUxMjg1ODU=\n"}}, {"pk": "c263c872e90bf8941525d63dde4ca1ac", "model": "sessions.session", "fields": {"expire_date": "2009-03-09 09:48:00", "session_data": "gAJ9cQFVCnRlc3Rjb29raWVxAlUGd29ya2VkcQNzLmFiY2FkYzU4NjRmMDcwMmE5N2JlYWZlMTRi\nZDVkNDQy\n"}}, {"pk": "703babc62db9563841c7d65172dbb80c", "model": "sessions.session", "fields": {"expire_date": "2009-03-24 01:30:04", "session_data": "gAJ9cQFVCnRlc3Rjb29raWVxAlUGd29ya2VkcQNzLmFiY2FkYzU4NjRmMDcwMmE5N2JlYWZlMTRi\nZDVkNDQy\n"}}, {"pk": "ea89f0da599a389b447b5d43de67cf31", "model": "sessions.session", "fields": {"expire_date": "2009-03-25 20:04:42", "session_data": "gAJ9cQFVCnRlc3Rjb29raWVxAlUGd29ya2VkcQNzLmFiY2FkYzU4NjRmMDcwMmE5N2JlYWZlMTRi\nZDVkNDQy\n"}}, {"pk": "618e39d0a047ae4b46068d304797eb32", "model": "sessions.session", "fields": {"expire_date": "2009-03-30 05:25:53", "session_data": "gAJ9cQFVCnRlc3Rjb29raWVxAlUGd29ya2VkcQNzLmFiY2FkYzU4NjRmMDcwMmE5N2JlYWZlMTRi\nZDVkNDQy\n"}}, {"pk": "a3cbff6cc725e254b1df8fb260d0ddbd", "model": "sessions.session", "fields": {"expire_date": "2009-04-03 22:35:30", "session_data": "gAJ9cQFVCnRlc3Rjb29raWVxAlUGd29ya2VkcQNzLmFiY2FkYzU4NjRmMDcwMmE5N2JlYWZlMTRi\nZDVkNDQy\n"}}, {"pk": "738dbf17ba9780b8ff8dd30f96a7f23e", "model": "sessions.session", "fields": {"expire_date": "2009-04-04 02:49:43", "session_data": "gAJ9cQFVCnRlc3Rjb29raWVxAlUGd29ya2VkcQNzLmFiY2FkYzU4NjRmMDcwMmE5N2JlYWZlMTRi\nZDVkNDQy\n"}}, {"pk": "9f89c080fad35337720e90e544d00325", "model": "sessions.session", "fields": {"expire_date": "2009-04-15 15:05:53", "session_data": "gAJ9cQFVCnRlc3Rjb29raWVxAlUGd29ya2VkcQNzLmFiY2FkYzU4NjRmMDcwMmE5N2JlYWZlMTRi\nZDVkNDQy\n"}}, {"pk": "342085e0160eb1df96f8603c73cbc010", "model": "sessions.session", "fields": {"expire_date": "2009-04-16 08:19:45", "session_data": "gAJ9cQFVCnRlc3Rjb29raWVxAlUGd29ya2VkcQNzLmFiY2FkYzU4NjRmMDcwMmE5N2JlYWZlMTRi\nZDVkNDQy\n"}}, {"pk": "30c7fb6dcd8e0e580d664df657a78643", "model": "sessions.session", "fields": {"expire_date": "2009-04-21 17:28:50", "session_data": "gAJ9cQFVCnRlc3Rjb29raWVxAlUGd29ya2VkcQNzLmFiY2FkYzU4NjRmMDcwMmE5N2JlYWZlMTRi\nZDVkNDQy\n"}}, {"pk": "5116d6385a642f9f71b1e3b513aff384", "model": "sessions.session", "fields": {"expire_date": "2009-04-23 12:27:02", "session_data": "gAJ9cQFVCnRlc3Rjb29raWVxAlUGd29ya2VkcQNzLmFiY2FkYzU4NjRmMDcwMmE5N2JlYWZlMTRi\nZDVkNDQy\n"}}, {"pk": "bd691c5a66b65d5029eae8e7da43b2ec", "model": "sessions.session", "fields": {"expire_date": "2009-04-23 12:27:04", "session_data": "gAJ9cQFVCnRlc3Rjb29raWVxAlUGd29ya2VkcQNzLmFiY2FkYzU4NjRmMDcwMmE5N2JlYWZlMTRi\nZDVkNDQy\n"}}, {"pk": "45fb105944102b4373a98d60eb68a07e", "model": "sessions.session", "fields": {"expire_date": "2009-04-25 10:28:46", "session_data": "gAJ9cQFVCnRlc3Rjb29raWVxAlUGd29ya2VkcQNzLmFiY2FkYzU4NjRmMDcwMmE5N2JlYWZlMTRi\nZDVkNDQy\n"}}, {"pk": "90397077634e8a554cb15a1dc33f3c22", "model": "sessions.session", "fields": {"expire_date": "2009-04-28 09:12:02", "session_data": "gAJ9cQFVCnRlc3Rjb29raWVxAlUGd29ya2VkcQNzLmFiY2FkYzU4NjRmMDcwMmE5N2JlYWZlMTRi\nZDVkNDQy\n"}}, {"pk": "95bc2b5f1df8cb5bdb5a1a0d679edea4", "model": "sessions.session", "fields": {"expire_date": "2009-05-06 13:19:48", "session_data": "gAJ9cQFVCnRlc3Rjb29raWVxAlUGd29ya2VkcQNzLmFiY2FkYzU4NjRmMDcwMmE5N2JlYWZlMTRi\nZDVkNDQy\n"}}, {"pk": "3ec0479e9fb1139f85ab5c424ec37b18", "model": "sessions.session", "fields": {"expire_date": "2009-05-06 13:26:30", "session_data": "gAJ9cQFVCnRlc3Rjb29raWVxAlUGd29ya2VkcQNzLmFiY2FkYzU4NjRmMDcwMmE5N2JlYWZlMTRi\nZDVkNDQy\n"}}, {"pk": "74eb5809bd4e30f8b50c90550361c275", "model": "sessions.session", "fields": {"expire_date": "2009-05-29 20:51:16", "session_data": "gAJ9cQFVCnRlc3Rjb29raWVxAlUGd29ya2VkcQNzLmFiY2FkYzU4NjRmMDcwMmE5N2JlYWZlMTRi\nZDVkNDQy\n"}}, {"pk": "faa1fe9b9d95a1b988e61df5d20d0c90", "model": "sessions.session", "fields": {"expire_date": "2009-05-31 18:27:25", "session_data": "gAJ9cQFVCnRlc3Rjb29raWVxAlUGd29ya2VkcQNzLmFiY2FkYzU4NjRmMDcwMmE5N2JlYWZlMTRi\nZDVkNDQy\n"}}, {"pk": "aac133632812637527626aab893171cd", "model": "sessions.session", "fields": {"expire_date": "2009-06-07 03:45:13", "session_data": "gAJ9cQFVCnRlc3Rjb29raWVxAlUGd29ya2VkcQNzLmFiY2FkYzU4NjRmMDcwMmE5N2JlYWZlMTRi\nZDVkNDQy\n"}}, {"pk": "5017fdaeb7100d2d24c30ae69f30fa1d", "model": "sessions.session", "fields": {"expire_date": "2009-06-07 03:45:13", "session_data": "gAJ9cQFVCnRlc3Rjb29raWVxAlUGd29ya2VkcQNzLmFiY2FkYzU4NjRmMDcwMmE5N2JlYWZlMTRi\nZDVkNDQy\n"}}, {"pk": "3ecb2143703967086da028a4ca980b80", "model": "sessions.session", "fields": {"expire_date": "2009-06-07 03:46:51", "session_data": "gAJ9cQFVCnRlc3Rjb29raWVxAlUGd29ya2VkcQNzLmFiY2FkYzU4NjRmMDcwMmE5N2JlYWZlMTRi\nZDVkNDQy\n"}}, {"pk": "ede1643c8bbbebea93cac36ac2b605ee", "model": "sessions.session", "fields": {"expire_date": "2009-06-19 03:07:40", "session_data": "gAJ9cQFVCnRlc3Rjb29raWVxAlUGd29ya2VkcQNzLmFiY2FkYzU4NjRmMDcwMmE5N2JlYWZlMTRi\nZDVkNDQy\n"}}, {"pk": "eb3220e9a1f6ec65b712ae88f837b8b4", "model": "sessions.session", "fields": {"expire_date": "2009-06-09 18:30:41", "session_data": "gAJ9cQEoVRJfYXV0aF91c2VyX2JhY2tlbmRxAlUpZGphbmdvLmNvbnRyaWIuYXV0aC5iYWNrZW5k\ncy5Nb2RlbEJhY2tlbmRxA1UNX2F1dGhfdXNlcl9pZHEEigEGdS41NDY3MjQ3MDk4OWY4OTdlODdj\nYjViODM4YTljZTQ2Ng==\n"}}, {"pk": "6e851c027e27498ff35eeb663b34871d", "model": "sessions.session", "fields": {"expire_date": "2009-06-22 19:26:03", "session_data": "gAJ9cQFVCnRlc3Rjb29raWVxAlUGd29ya2VkcQNzLmFiY2FkYzU4NjRmMDcwMmE5N2JlYWZlMTRi\nZDVkNDQy\n"}}, {"pk": "78e89c16ef294f3015a678584731a425", "model": "sessions.session", "fields": {"expire_date": "2009-06-22 19:30:46", "session_data": "gAJ9cQFVCnRlc3Rjb29raWVxAlUGd29ya2VkcQNzLmFiY2FkYzU4NjRmMDcwMmE5N2JlYWZlMTRi\nZDVkNDQy\n"}}, {"pk": "8020d337ff6973adfd88d33de683f5e1", "model": "sessions.session", "fields": {"expire_date": "2009-06-29 09:58:21", "session_data": "gAJ9cQFVCnRlc3Rjb29raWVxAlUGd29ya2VkcQNzLmFiY2FkYzU4NjRmMDcwMmE5N2JlYWZlMTRi\nZDVkNDQy\n"}}, {"pk": "e0c3a5c378d74b1a873e5e75990dba49", "model": "sessions.session", "fields": {"expire_date": "2009-07-05 05:19:54", "session_data": "gAJ9cQFVCnRlc3Rjb29raWVxAlUGd29ya2VkcQNzLmFiY2FkYzU4NjRmMDcwMmE5N2JlYWZlMTRi\nZDVkNDQy\n"}}, {"pk": "8a13ef2f9a84efa47ea94ed5430f5bfe", "model": "sessions.session", "fields": {"expire_date": "2009-07-12 15:20:36", "session_data": "gAJ9cQFVCnRlc3Rjb29raWVxAlUGd29ya2VkcQNzLmFiY2FkYzU4NjRmMDcwMmE5N2JlYWZlMTRi\nZDVkNDQy\n"}}, {"pk": "b86a6c01e980d90a770be1856acb13e3", "model": "sessions.session", "fields": {"expire_date": "2009-07-22 19:29:52", "session_data": "gAJ9cQFVCnRlc3Rjb29raWVxAlUGd29ya2VkcQNzLmFiY2FkYzU4NjRmMDcwMmE5N2JlYWZlMTRi\nZDVkNDQy\n"}}, {"pk": "adad0d08b47eb0b534cd6389f3bdd116", "model": "sessions.session", "fields": {"expire_date": "2009-07-25 22:23:20", "session_data": "gAJ9cQFVCnRlc3Rjb29raWVxAlUGd29ya2VkcQNzLmFiY2FkYzU4NjRmMDcwMmE5N2JlYWZlMTRi\nZDVkNDQy\n"}}, {"pk": "b43035d0bbba559ea3c7644c4e9605f2", "model": "sessions.session", "fields": {"expire_date": "2009-07-24 17:27:50", "session_data": "gAJ9cQEoVRJfYXV0aF91c2VyX2JhY2tlbmRxAlUpZGphbmdvLmNvbnRyaWIuYXV0aC5iYWNrZW5k\ncy5Nb2RlbEJhY2tlbmRxA1UNX2F1dGhfdXNlcl9pZHEEigEGdS41NDY3MjQ3MDk4OWY4OTdlODdj\nYjViODM4YTljZTQ2Ng==\n"}}, {"pk": "663276bff506192ebcfddad83edfe3af", "model": "sessions.session", "fields": {"expire_date": "2009-07-25 22:40:06", "session_data": "gAJ9cQFVCnRlc3Rjb29raWVxAlUGd29ya2VkcQNzLmFiY2FkYzU4NjRmMDcwMmE5N2JlYWZlMTRi\nZDVkNDQy\n"}}, {"pk": "86621c00db3ebf74dee1cac48f99eacb", "model": "sessions.session", "fields": {"expire_date": "2009-07-28 20:50:43", "session_data": "gAJ9cQFVCnRlc3Rjb29raWVxAlUGd29ya2VkcQNzLmFiY2FkYzU4NjRmMDcwMmE5N2JlYWZlMTRi\nZDVkNDQy\n"}}, {"pk": "ad012e11f52e8178d0191833839ae391", "model": "sessions.session", "fields": {"expire_date": "2009-08-15 03:45:47", "session_data": "gAJ9cQFVCnRlc3Rjb29raWVxAlUGd29ya2VkcQNzLmFiY2FkYzU4NjRmMDcwMmE5N2JlYWZlMTRi\nZDVkNDQy\n"}}, {"pk": "2aeb5af83b2b2dc91fa33f48715db943", "model": "sessions.session", "fields": {"expire_date": "2009-08-15 05:50:38", "session_data": "gAJ9cQFVCnRlc3Rjb29raWVxAlUGd29ya2VkcQNzLmFiY2FkYzU4NjRmMDcwMmE5N2JlYWZlMTRi\nZDVkNDQy\n"}}, {"pk": "d76300921b73e79fb2751cfe82033340", "model": "sessions.session", "fields": {"expire_date": "2009-08-15 05:50:40", "session_data": "gAJ9cQFVCnRlc3Rjb29raWVxAlUGd29ya2VkcQNzLmFiY2FkYzU4NjRmMDcwMmE5N2JlYWZlMTRi\nZDVkNDQy\n"}}, {"pk": "fd3bc40d40142649b5d92eb12bcf94d9", "model": "sessions.session", "fields": {"expire_date": "2009-08-18 22:17:29", "session_data": "gAJ9cQFVCnRlc3Rjb29raWVxAlUGd29ya2VkcQNzLmFiY2FkYzU4NjRmMDcwMmE5N2JlYWZlMTRi\nZDVkNDQy\n"}}, {"pk": "7d937b7878741b084db59d5dc80d23b2", "model": "sessions.session", "fields": {"expire_date": "2009-08-19 13:30:43", "session_data": "gAJ9cQFVCnRlc3Rjb29raWVxAlUGd29ya2VkcQNzLmFiY2FkYzU4NjRmMDcwMmE5N2JlYWZlMTRi\nZDVkNDQy\n"}}, {"pk": "b8a551ea0a2856ccd07c94bd97bb65a9", "model": "sessions.session", "fields": {"expire_date": "2009-08-21 23:41:01", "session_data": "gAJ9cQFVCnRlc3Rjb29raWVxAlUGd29ya2VkcQNzLmFiY2FkYzU4NjRmMDcwMmE5N2JlYWZlMTRi\nZDVkNDQy\n"}}, {"pk": "349a12dfa02d9a5b3dae40958a279ee9", "model": "sessions.session", "fields": {"expire_date": "2009-08-21 23:48:29", "session_data": "gAJ9cQFVCnRlc3Rjb29raWVxAlUGd29ya2VkcQNzLmFiY2FkYzU4NjRmMDcwMmE5N2JlYWZlMTRi\nZDVkNDQy\n"}}, {"pk": "de9d0cd211b59bad11790fa196ddc4d9", "model": "sessions.session", "fields": {"expire_date": "2009-09-01 23:00:05", "session_data": "gAJ9cQFVCnRlc3Rjb29raWVxAlUGd29ya2VkcQNzLmFiY2FkYzU4NjRmMDcwMmE5N2JlYWZlMTRi\nZDVkNDQy\n"}}, {"pk": "b01eeac0011b5f9909ae5dd1a46243f2", "model": "sessions.session", "fields": {"expire_date": "2009-09-01 20:56:27", "session_data": "gAJ9cQEoVRJfYXV0aF91c2VyX2JhY2tlbmRxAlUpZGphbmdvLmNvbnRyaWIuYXV0aC5iYWNrZW5k\ncy5Nb2RlbEJhY2tlbmRxA1UNX2F1dGhfdXNlcl9pZHEEigEGdS41NDY3MjQ3MDk4OWY4OTdlODdj\nYjViODM4YTljZTQ2Ng==\n"}}, {"pk": "7a2b8632977b2c8a5ca4b00dfe3eb2b3", "model": "sessions.session", "fields": {"expire_date": "2009-09-01 23:00:05", "session_data": "gAJ9cQFVCnRlc3Rjb29raWVxAlUGd29ya2VkcQNzLmFiY2FkYzU4NjRmMDcwMmE5N2JlYWZlMTRi\nZDVkNDQy\n"}}, {"pk": "e6438d660d6bc6b7555e58fc8c3bbcef", "model": "sessions.session", "fields": {"expire_date": "2009-09-19 18:47:46", "session_data": "gAJ9cQFVCnRlc3Rjb29raWVxAlUGd29ya2VkcQNzLmFiY2FkYzU4NjRmMDcwMmE5N2JlYWZlMTRi\nZDVkNDQy\n"}}, {"pk": "a4884cd9aaf8aedbba594ee2042ff0c1", "model": "sessions.session", "fields": {"expire_date": "2009-09-24 01:16:10", "session_data": "gAJ9cQFVCnRlc3Rjb29raWVxAlUGd29ya2VkcQNzLmFiY2FkYzU4NjRmMDcwMmE5N2JlYWZlMTRi\nZDVkNDQy\n"}}, {"pk": "0ca9b976c877170158d5e22ee31a726f", "model": "sessions.session", "fields": {"expire_date": "2009-09-24 01:31:47", "session_data": "gAJ9cQFVCnRlc3Rjb29raWVxAlUGd29ya2VkcQNzLmFiY2FkYzU4NjRmMDcwMmE5N2JlYWZlMTRi\nZDVkNDQy\n"}}, {"pk": "5821b924c63a3fefae3d2293d32adf1b", "model": "sessions.session", "fields": {"expire_date": "2009-09-27 22:36:53", "session_data": "gAJ9cQFVCnRlc3Rjb29raWVxAlUGd29ya2VkcQNzLmFiY2FkYzU4NjRmMDcwMmE5N2JlYWZlMTRi\nZDVkNDQy\n"}}, {"pk": "cf21cf46d89af97178b40e26faa3d452", "model": "sessions.session", "fields": {"expire_date": "2009-10-03 20:45:26", "session_data": "gAJ9cQFVCnRlc3Rjb29raWVxAlUGd29ya2VkcQNzLmFiY2FkYzU4NjRmMDcwMmE5N2JlYWZlMTRi\nZDVkNDQy\n"}}, {"pk": "b7f8eb41f12028f2833d0b9733f98c99", "model": "sessions.session", "fields": {"expire_date": "2009-10-04 12:15:15", "session_data": "gAJ9cQFVCnRlc3Rjb29raWVxAlUGd29ya2VkcQNzLmFiY2FkYzU4NjRmMDcwMmE5N2JlYWZlMTRi\nZDVkNDQy\n"}}, {"pk": "e08bcb5c5339b1ab1602d9f8857c1a44", "model": "sessions.session", "fields": {"expire_date": "2009-10-17 10:42:15", "session_data": "gAJ9cQFVCnRlc3Rjb29raWVxAlUGd29ya2VkcQNzLmFiY2FkYzU4NjRmMDcwMmE5N2JlYWZlMTRi\nZDVkNDQy\n"}}, {"pk": "685dc706847b31a7afdd1659ef36e337", "model": "sessions.session", "fields": {"expire_date": "2009-10-23 16:59:26", "session_data": "gAJ9cQFVCnRlc3Rjb29raWVxAlUGd29ya2VkcQNzLmFiY2FkYzU4NjRmMDcwMmE5N2JlYWZlMTRi\nZDVkNDQy\n"}}, {"pk": "9c7e38456cf8a1ccc1007e40ff0c0df2", "model": "sessions.session", "fields": {"expire_date": "2009-10-24 04:42:39", "session_data": "gAJ9cQFVCnRlc3Rjb29raWVxAlUGd29ya2VkcQNzLmFiY2FkYzU4NjRmMDcwMmE5N2JlYWZlMTRi\nZDVkNDQy\n"}}, {"pk": "629536cca25a9da5505bd87eb826db04", "model": "sessions.session", "fields": {"expire_date": "2009-10-28 17:41:14", "session_data": "gAJ9cQFVCnRlc3Rjb29raWVxAlUGd29ya2VkcQNzLmFiY2FkYzU4NjRmMDcwMmE5N2JlYWZlMTRi\nZDVkNDQy\n"}}, {"pk": "689b25db8161994445aa98882de5e17e", "model": "sessions.session", "fields": {"expire_date": "2009-12-05 06:39:12", "session_data": "gAJ9cQFVCnRlc3Rjb29raWVxAlUGd29ya2VkcQNzLmFiY2FkYzU4NjRmMDcwMmE5N2JlYWZlMTRi\nZDVkNDQy\n"}}, {"pk": "8fc2a1d126c2b9ee431089706ffc868f", "model": "sessions.session", "fields": {"expire_date": "2009-12-06 06:10:12", "session_data": "gAJ9cQEoVRJfYXV0aF91c2VyX2JhY2tlbmRxAlUpZGphbmdvLmNvbnRyaWIuYXV0aC5iYWNrZW5k\ncy5Nb2RlbEJhY2tlbmRxA1UNX2F1dGhfdXNlcl9pZHEEigEEdS42ZTdiZDI1NjE2ZGUyODgyOGVj\nODdkMzg4ZWRhZTE3Yg==\n"}}, {"pk": 1, "model": "sites.site", "fields": {"domain": "www.dreamtagger.com", "name": "DreamTagger"}}, {"pk": 8, "model": "dreams.dream", "fields": {"modified_on": "2009-01-15 14:06:15", "text": "I'm simultaneously me right now, but a child. I'm in elementary school. Alan Egli's there.  What I instantly know (because it's a dream and I have the backstory immediately) is that there's been some kind of major change to the world. We're in a dark, long winter that's been lasting a while. At the end of each day, the teachers tell us we're going to die. Not like \"some day you'll freeze to death out there\" - I mean we die at the end of the day. And we do every day. They give us a pill and we die, after school, every day.\r\n\r\nI'm feeling mildly sad about death, conflicted about following the teachers' directions, and ultimately subversive about it. I can remember that we do this every day, but somehow we all still are acting like it's the end of our lives, like it's really sad. I start thinking about the logic of it. I look over to Alan, and he give me a quizzical look. I motion with my head the international sign for \"come over here\" and he does. Somehow we have a long and involved conversation in a very short amount of time - not that there's telepathy in my dream world, but because we're having similar thoughts. We can't really put our finger on it, so we're left standing looking at each other like there's something we're just not getting. I'm thinking over what we had said, and it clicks.\r\n\r\nI lean over to him and whisper in your ear \"You're not a very good spy.\" Without making a lot of fuss, I move to the front of the room, where everyone can see me. (We're in a wide hallway, near the front doors of the school - not unlike Calamus elementary, but it's dark and grey out no matter the hour, therefore it's kind of dark inside, even with the lights on.)  I position myself near the teacher - the way students do after class if they want to talk to the teacher next. I wait my turn, and then turn slightly, so I'm both talking to the teacher and addressing everyone else. I say in a loud voice \"I just figured this out. We're not dying. We don't die now. If we did, every day, we couldn't be this old. We wouldn't remember yesterday. You're putting us to sleep till the morning.\"\r\n\r\nThe teacher is horrified I've broken the polite fiction that's existed for I-don't-know-how-long. Lots of kids don't get it, but Alan does. We get our winter gear on, and leave. Somehow we know that before the apocalyptic weather started, there were other buildings around. We hadn't been out of the elementary school for a long time. We struggled through the grey snow (volcanic ash does that) to some sort of other largish building. The doors are unlocked so we go inside.\r\n\r\nIt's another school. There's a group of children waiting in the hallway. As we walk through, I see my sister sitting with her class on benches. She looks up and says \"The winter concert's tonight. I'm so nervous - I haven't seen Mom or Dad in a long time.\" She's hugely pregnant, and sitting with one knee up with her arm wrapped around it and her fingers to her mouth, chewing nails.\r\n\r\nWe leave. We leave knowing there will be more buildings with small groups of people. We know that there's probably a reason why everyone's kept apart, but we'd rather risk whatever we were being guarded from than be drugged again. The cold's not that bad, and we walk briskly through the empty streets.", "created_on": "2009-01-15 14:06:15", "user": 6, "tags": "apocalypse,calamus,sister,alan-egli,post-apocalypse,natural-disaster,weather,drugged,drugging,children"}}, {"pk": 7, "model": "dreams.dream", "fields": {"modified_on": "2008-12-18 15:26:59", "text": "My family went to visit the McNeils, to see Michelle and Shannon's kids. Anton, Alena and I had bought books for the kids. I was excited and nervous about them liking the books. Shannon and I discussed whether or not my boobs were too small for breastfeeding.\r\n\r\nWe went to a swimming pool. Anton was now a three-year-old, taking a series of swim tests. It was raining and cold, so he was wearing someone's navy blue acrylic sweater. When his name was called, he ran over to the pool, jumped in the shallow end, doggy-paddled to the deep end, took a deep breath, and sunk himself down to touch the bottom. When he cane up, he doggy-paddled over to the closest edge and got out. My mom was there, and she wanted to wrap Anton in a soaking wet navy blue towel. He refused. He was still wearing the oversized navy blue sweater.", "created_on": "2008-12-18 15:26:59", "user": 6, "tags": "a-child-again,anton,breasts,cousins,family,gifts,nervous,pool,presents,relatives,swim,swimming,test,visit,visiting"}}, {"pk": 5, "model": "dreams.dream", "fields": {"modified_on": "2008-11-08 14:48:29", "text": "I was in an Americorps-type group (I didn't recognize anyone on the team). We were sent to a country that resembled 60's-era Vietnam. We were to assist the American troops there. \r\n\r\nWhen we arrived, we discovered that the commander had gone off his rocker, and had used his power to intimidate his troops into carrying out his orders,  and opression tactics to subdue the locals.\r\n\r\nWe were shocked, of course, but as we talked to the soldiers, we learned of the commanders slow descent into madness, and his eventual takeover of everything. He was clever, so every solution we thought of was found to be faulty, for one reason or another, by the troops. They had already tried everything they could think of to try to unseat the commander, but they were deeply scared of him, so even though they all had weapons, they had never mutinied.\r\n\r\nEvery idea I came up with was met with an obstacle. I screamed as hard as I could in frustration, which shocked the troops. I think they had forgotton that the situation was as frustrating as it was, since they'd been a part of it for so long.\r\n\r\nI finally came up with a plan to replace all the batteries in all the equipment (luckily everything used AA) with corroding, old batteries. Our band of Americorps and rogue soldiers had to think of every item that used a battery. This part was really satisfying. The tactic was that we'd be able to surrupticiously replace the batteries without detection, but they'd stop working soon after, with most items failing within a few hours of the others.\r\n\r\nThe plan worked, andsome of the walkie-talkies even exploded. The soldiers were snapped out of their complacency by the ituation, and the commander couldn't maintain control during the electrical outage.\r\n", "created_on": "2008-11-08 14:48:29", "user": 6, "tags": "tactics,subversion,military,coup,americorps,war"}}, {"pk": 3, "model": "dreams.dream", "fields": {"modified_on": "2008-03-23 15:13:44", "text": "The big question that didn't get answered was: can diamonds melt? If so, what do they turn into?", "created_on": "2008-03-23 15:13:44", "user": 6, "tags": "diamond,carbon,melt"}}, {"pk": 2, "model": "dreams.dream", "fields": {"modified_on": "2008-03-21 12:25:43", "text": "I was on the farm, alone. It was night, and there was a thunderstorm. The house was dark, except when there'd be a lightning flash. \r\n\r\nSomeone came to the door - it was Aden Biehl. He said shit had gone down, and he had come here. While he put his stuff in a bedroom, I stood in the living room, looking out the big picture window. Lightning flashed, and I saw that there was a cow out. When Aden came back, I told him that there was a cow out, and he asked me if it was wearing anything. I thought back and realized it had been wearing a mackintosh  like the Gordon's Fish Sticks guy. \r\n\r\nThoroughly spooked now, I went about locking all the doors. I went back to the picture window, where I saw a group of satyrs heading towards the house. They were laughing cruelly and looking like they wanted to make trouble. \r\n\r\nSomething up the road caught one of their attention, and the pack headed towards Eldon's. One of the satyr was wearing checkered chef pants, and got the crotch stuck crossing the barbed wire fence. He howled as he struggled to free himself as his friends left him. He finally got free, and left. Relieved, I turned around to find that while I had been watching them, some of them had snuck up to the house and silently taken the door off the hinges and removed the hardware from the door, leaving us defenseless. I went down to the basement, sure that Grandpa Green would have had an extra door. My blood chilled when I saw the basement had been cleaned.", "created_on": "2008-03-21 12:25:43", "user": 6, "tags": "satyr,storm,farm,aden-biel,apocalypse,animals-in-clothes"}}, {"pk": 1, "model": "dreams.dream", "fields": {"modified_on": "2008-03-19 22:28:02", "text": "I was at a scientific research team outpost, where we were researching a giant sea animal that acted like a shark, but looked like a huge piranha.\r\n\r\nMuch like Jurassic Park, our director had built the research facility over the water as way to create sensational PR. We walked out the glass-fronted, half-submerged observation room onto a floating walkway.\r\n\r\nNaturally, the team was always being attacked and eaten. I started doing some tests on the creatures, to find out what kind of predatory technique they used. I had a life-sized dummy on a flexible stick, and the creatures would leap over the walkway. They'd grab the dummy and go back into the water on the other side.\r\n\r\nWe began to learn about their behavior, and discovered that they were adapting their attacks. Just then, the creatures began to ram the glass-sided observation room from below. Leaks sprung up. Researchers became hysterical. I sloshed  my way around all the equipment to help people escape.\r\n\r\nI, too, left the observation room, and ran to the mess hall to get help. No one there seemed to be panicked, so I ran to someone I thought would be able to take charge, but he wouldn't listen.\r\n\r\nNext to him at the table sat a woman who overheard what I explained, and pulled out a piece of recycled, unlined paper and a box of crayons. She drew a child-like drawing of the creature flying over the floating walkway towards a stick figure, then said \"Aha! I know!\", and I understood this to mean that she had figured out not only why the creatures were attacking, but also how to stop them.", "created_on": "2008-03-19 22:24:45", "user": 6, "tags": "sea,water,piranha,research,flooding,flood,shark,creature"}}, {"pk": 4, "model": "accounts.profile", "fields": {"modified_on": "2008-03-19 14:29:43", "created_on": "2008-03-19 14:29:36", "user": 4, "invited_by": null}}, {"pk": 5, "model": "accounts.profile", "fields": {"modified_on": "2008-03-19 14:29:43", "created_on": "2008-03-19 14:29:36", "user": 5, "invited_by": null}}, {"pk": 6, "model": "accounts.profile", "fields": {"modified_on": "2008-03-19 21:33:26", "created_on": "2008-03-19 21:31:16", "user": 6, "invited_by": 5}}, {"pk": 7, "model": "accounts.profile", "fields": {"modified_on": "2008-11-16 05:01:34", "created_on": "2008-11-16 05:01:34", "user": 7, "invited_by": null}}, {"pk": 8, "model": "accounts.profile", "fields": {"modified_on": "2008-11-16 05:02:08", "created_on": "2008-11-16 05:02:08", "user": 8, "invited_by": 7}}, {"pk": 9, "model": "accounts.profile", "fields": {"modified_on": "2009-02-23 08:13:46", "created_on": "2009-02-23 08:13:46", "user": 9, "invited_by": null}}, {"pk": 5, "model": "registration.registrationprofile", "fields": {"activation_key": "c3f16e23c9fa653c94efe952a8c1f3444b03a215", "user": 4}}, {"pk": 6, "model": "registration.registrationprofile", "fields": {"activation_key": "f7cc11828c11a87cdd43651561d978f25431882f", "user": 5}}, {"pk": 7, "model": "registration.registrationprofile", "fields": {"activation_key": "98c7483593d0c483ce7652bfc1bd210fee0a8fa9", "user": 6}}, {"pk": 8, "model": "registration.registrationprofile", "fields": {"activation_key": "ALREADY_ACTIVATED", "user": 7}}, {"pk": 9, "model": "registration.registrationprofile", "fields": {"activation_key": "997e3b48b0f2ecb19c1af13f6faf052efc006aa8", "user": 8}}, {"pk": 10, "model": "registration.registrationprofile", "fields": {"activation_key": "ALREADY_ACTIVATED", "user": 9}}, {"pk": 26, "model": "tagging.tag", "fields": {"name": "a-child-again"}}, {"pk": 10, "model": "tagging.tag", "fields": {"name": "aden-biel"}}, {"pk": 41, "model": "tagging.tag", "fields": {"name": "alan-egli"}}, {"pk": 20, "model": "tagging.tag", "fields": {"name": "americorps"}}, {"pk": 19, "model": "tagging.tag", "fields": {"name": "americorps-kittens"}}, {"pk": 11, "model": "tagging.tag", "fields": {"name": "animals-in-clothes"}}, {"pk": 27, "model": "tagging.tag", "fields": {"name": "anton"}}, {"pk": 12, "model": "tagging.tag", "fields": {"name": "apocalypse"}}, {"pk": 28, "model": "tagging.tag", "fields": {"name": "breasts"}}, {"pk": 42, "model": "tagging.tag", "fields": {"name": "calamus"}}, {"pk": 16, "model": "tagging.tag", "fields": {"name": "carbon"}}, {"pk": 43, "model": "tagging.tag", "fields": {"name": "children"}}, {"pk": 21, "model": "tagging.tag", "fields": {"name": "coup"}}, {"pk": 29, "model": "tagging.tag", "fields": {"name": "cousins"}}, {"pk": 2, "model": "tagging.tag", "fields": {"name": "creature"}}, {"pk": 17, "model": "tagging.tag", "fields": {"name": "diamond"}}, {"pk": 44, "model": "tagging.tag", "fields": {"name": "drugged"}}, {"pk": 45, "model": "tagging.tag", "fields": {"name": "drugging"}}, {"pk": 30, "model": "tagging.tag", "fields": {"name": "family"}}, {"pk": 13, "model": "tagging.tag", "fields": {"name": "farm"}}, {"pk": 3, "model": "tagging.tag", "fields": {"name": "flood"}}, {"pk": 4, "model": "tagging.tag", "fields": {"name": "flooding"}}, {"pk": 31, "model": "tagging.tag", "fields": {"name": "gifts"}}, {"pk": 18, "model": "tagging.tag", "fields": {"name": "melt"}}, {"pk": 22, "model": "tagging.tag", "fields": {"name": "military"}}, {"pk": 46, "model": "tagging.tag", "fields": {"name": "natural-disaster"}}, {"pk": 32, "model": "tagging.tag", "fields": {"name": "nervous"}}, {"pk": 5, "model": "tagging.tag", "fields": {"name": "piranha"}}, {"pk": 33, "model": "tagging.tag", "fields": {"name": "pool"}}, {"pk": 47, "model": "tagging.tag", "fields": {"name": "post-apocalypse"}}, {"pk": 34, "model": "tagging.tag", "fields": {"name": "presents"}}, {"pk": 35, "model": "tagging.tag", "fields": {"name": "relatives"}}, {"pk": 6, "model": "tagging.tag", "fields": {"name": "research"}}, {"pk": 14, "model": "tagging.tag", "fields": {"name": "satyr"}}, {"pk": 7, "model": "tagging.tag", "fields": {"name": "sea"}}, {"pk": 1, "model": "tagging.tag", "fields": {"name": "sea-water-piranha-research-flooding-flood-shark-cr"}}, {"pk": 8, "model": "tagging.tag", "fields": {"name": "shark"}}, {"pk": 48, "model": "tagging.tag", "fields": {"name": "sister"}}, {"pk": 15, "model": "tagging.tag", "fields": {"name": "storm"}}, {"pk": 23, "model": "tagging.tag", "fields": {"name": "subversion"}}, {"pk": 36, "model": "tagging.tag", "fields": {"name": "swim"}}, {"pk": 37, "model": "tagging.tag", "fields": {"name": "swimming"}}, {"pk": 24, "model": "tagging.tag", "fields": {"name": "tactics"}}, {"pk": 38, "model": "tagging.tag", "fields": {"name": "test"}}, {"pk": 39, "model": "tagging.tag", "fields": {"name": "visit"}}, {"pk": 40, "model": "tagging.tag", "fields": {"name": "visiting"}}, {"pk": 25, "model": "tagging.tag", "fields": {"name": "war"}}, {"pk": 9, "model": "tagging.tag", "fields": {"name": "water"}}, {"pk": 49, "model": "tagging.tag", "fields": {"name": "weather"}}, {"pk": 2, "model": "tagging.taggeditem", "fields": {"tag": 2, "object_id": 1, "content_type": 9}}, {"pk": 3, "model": "tagging.taggeditem", "fields": {"tag": 3, "object_id": 1, "content_type": 9}}, {"pk": 4, "model": "tagging.taggeditem", "fields": {"tag": 4, "object_id": 1, "content_type": 9}}, {"pk": 5, "model": "tagging.taggeditem", "fields": {"tag": 5, "object_id": 1, "content_type": 9}}, {"pk": 6, "model": "tagging.taggeditem", "fields": {"tag": 6, "object_id": 1, "content_type": 9}}, {"pk": 7, "model": "tagging.taggeditem", "fields": {"tag": 7, "object_id": 1, "content_type": 9}}, {"pk": 8, "model": "tagging.taggeditem", "fields": {"tag": 8, "object_id": 1, "content_type": 9}}, {"pk": 9, "model": "tagging.taggeditem", "fields": {"tag": 9, "object_id": 1, "content_type": 9}}, {"pk": 10, "model": "tagging.taggeditem", "fields": {"tag": 10, "object_id": 2, "content_type": 9}}, {"pk": 11, "model": "tagging.taggeditem", "fields": {"tag": 11, "object_id": 2, "content_type": 9}}, {"pk": 12, "model": "tagging.taggeditem", "fields": {"tag": 12, "object_id": 2, "content_type": 9}}, {"pk": 13, "model": "tagging.taggeditem", "fields": {"tag": 13, "object_id": 2, "content_type": 9}}, {"pk": 14, "model": "tagging.taggeditem", "fields": {"tag": 14, "object_id": 2, "content_type": 9}}, {"pk": 15, "model": "tagging.taggeditem", "fields": {"tag": 15, "object_id": 2, "content_type": 9}}, {"pk": 16, "model": "tagging.taggeditem", "fields": {"tag": 16, "object_id": 3, "content_type": 9}}, {"pk": 17, "model": "tagging.taggeditem", "fields": {"tag": 17, "object_id": 3, "content_type": 9}}, {"pk": 18, "model": "tagging.taggeditem", "fields": {"tag": 18, "object_id": 3, "content_type": 9}}, {"pk": 19, "model": "tagging.taggeditem", "fields": {"tag": 19, "object_id": 4, "content_type": 9}}, {"pk": 20, "model": "tagging.taggeditem", "fields": {"tag": 20, "object_id": 5, "content_type": 9}}, {"pk": 21, "model": "tagging.taggeditem", "fields": {"tag": 21, "object_id": 5, "content_type": 9}}, {"pk": 22, "model": "tagging.taggeditem", "fields": {"tag": 22, "object_id": 5, "content_type": 9}}, {"pk": 23, "model": "tagging.taggeditem", "fields": {"tag": 23, "object_id": 5, "content_type": 9}}, {"pk": 24, "model": "tagging.taggeditem", "fields": {"tag": 24, "object_id": 5, "content_type": 9}}, {"pk": 25, "model": "tagging.taggeditem", "fields": {"tag": 25, "object_id": 5, "content_type": 9}}, {"pk": 26, "model": "tagging.taggeditem", "fields": {"tag": 26, "object_id": 6, "content_type": 9}}, {"pk": 27, "model": "tagging.taggeditem", "fields": {"tag": 27, "object_id": 6, "content_type": 9}}, {"pk": 28, "model": "tagging.taggeditem", "fields": {"tag": 28, "object_id": 6, "content_type": 9}}, {"pk": 29, "model": "tagging.taggeditem", "fields": {"tag": 29, "object_id": 6, "content_type": 9}}, {"pk": 30, "model": "tagging.taggeditem", "fields": {"tag": 30, "object_id": 6, "content_type": 9}}, {"pk": 31, "model": "tagging.taggeditem", "fields": {"tag": 31, "object_id": 6, "content_type": 9}}, {"pk": 32, "model": "tagging.taggeditem", "fields": {"tag": 32, "object_id": 6, "content_type": 9}}, {"pk": 33, "model": "tagging.taggeditem", "fields": {"tag": 33, "object_id": 6, "content_type": 9}}, {"pk": 34, "model": "tagging.taggeditem", "fields": {"tag": 34, "object_id": 6, "content_type": 9}}, {"pk": 35, "model": "tagging.taggeditem", "fields": {"tag": 35, "object_id": 6, "content_type": 9}}, {"pk": 36, "model": "tagging.taggeditem", "fields": {"tag": 36, "object_id": 6, "content_type": 9}}, {"pk": 37, "model": "tagging.taggeditem", "fields": {"tag": 37, "object_id": 6, "content_type": 9}}, {"pk": 38, "model": "tagging.taggeditem", "fields": {"tag": 38, "object_id": 6, "content_type": 9}}, {"pk": 39, "model": "tagging.taggeditem", "fields": {"tag": 39, "object_id": 6, "content_type": 9}}, {"pk": 40, "model": "tagging.taggeditem", "fields": {"tag": 40, "object_id": 6, "content_type": 9}}, {"pk": 41, "model": "tagging.taggeditem", "fields": {"tag": 26, "object_id": 7, "content_type": 9}}, {"pk": 42, "model": "tagging.taggeditem", "fields": {"tag": 27, "object_id": 7, "content_type": 9}}, {"pk": 43, "model": "tagging.taggeditem", "fields": {"tag": 28, "object_id": 7, "content_type": 9}}, {"pk": 44, "model": "tagging.taggeditem", "fields": {"tag": 29, "object_id": 7, "content_type": 9}}, {"pk": 45, "model": "tagging.taggeditem", "fields": {"tag": 30, "object_id": 7, "content_type": 9}}, {"pk": 46, "model": "tagging.taggeditem", "fields": {"tag": 31, "object_id": 7, "content_type": 9}}, {"pk": 47, "model": "tagging.taggeditem", "fields": {"tag": 32, "object_id": 7, "content_type": 9}}, {"pk": 48, "model": "tagging.taggeditem", "fields": {"tag": 33, "object_id": 7, "content_type": 9}}, {"pk": 49, "model": "tagging.taggeditem", "fields": {"tag": 34, "object_id": 7, "content_type": 9}}, {"pk": 50, "model": "tagging.taggeditem", "fields": {"tag": 35, "object_id": 7, "content_type": 9}}, {"pk": 51, "model": "tagging.taggeditem", "fields": {"tag": 36, "object_id": 7, "content_type": 9}}, {"pk": 52, "model": "tagging.taggeditem", "fields": {"tag": 37, "object_id": 7, "content_type": 9}}, {"pk": 53, "model": "tagging.taggeditem", "fields": {"tag": 38, "object_id": 7, "content_type": 9}}, {"pk": 54, "model": "tagging.taggeditem", "fields": {"tag": 39, "object_id": 7, "content_type": 9}}, {"pk": 55, "model": "tagging.taggeditem", "fields": {"tag": 40, "object_id": 7, "content_type": 9}}, {"pk": 56, "model": "tagging.taggeditem", "fields": {"tag": 41, "object_id": 8, "content_type": 9}}, {"pk": 57, "model": "tagging.taggeditem", "fields": {"tag": 12, "object_id": 8, "content_type": 9}}, {"pk": 58, "model": "tagging.taggeditem", "fields": {"tag": 42, "object_id": 8, "content_type": 9}}, {"pk": 59, "model": "tagging.taggeditem", "fields": {"tag": 43, "object_id": 8, "content_type": 9}}, {"pk": 60, "model": "tagging.taggeditem", "fields": {"tag": 44, "object_id": 8, "content_type": 9}}, {"pk": 61, "model": "tagging.taggeditem", "fields": {"tag": 45, "object_id": 8, "content_type": 9}}, {"pk": 62, "model": "tagging.taggeditem", "fields": {"tag": 46, "object_id": 8, "content_type": 9}}, {"pk": 63, "model": "tagging.taggeditem", "fields": {"tag": 47, "object_id": 8, "content_type": 9}}, {"pk": 64, "model": "tagging.taggeditem", "fields": {"tag": 48, "object_id": 8, "content_type": 9}}, {"pk": 65, "model": "tagging.taggeditem", "fields": {"tag": 49, "object_id": 8, "content_type": 9}}]
